<?xml version="1.0"?>
<doc>
    <assembly>
        <name>C1.Win.FinancialChart.4.5.2</name>
    </assembly>
    <members>
        <member name="M:GrapeCity.Common.GcNetFxLicenseProvider`1.VerifyDesignTimeEnvironment">
            <summary>
              Verify the environment to get whether the component is in design-time. 
            </summary>
            <returns>
              <c>true</c> if it is in design-time; otherwise <c>false</c>.
            </returns>
            <remarks>
              In DesignTime, because of IDE bugs, some component are not created with DesigntimeLicenseContext. 
              For example, when drag a control from Win Forms DataSource tool window, or use a web control in a ASP.NET Template.
              This may cause the control do run-time license validation and found that there is no license.
              To resolve this problem, we will check the environment and decide whether to do design-time license validation again.
            </remarks>
        </member>
        <member name="F:GrapeCity.Common.LicenseDialog`1.components">
            <summary>
            Required designer variable.
            </summary>
        </member>
        <member name="M:GrapeCity.Common.LicenseDialog`1.Dispose(System.Boolean)">
            <summary>
            Clean up any resources being used.
            </summary>
            <param name="disposing">true if managed resources should be disposed; otherwise, false.</param>
        </member>
        <member name="M:GrapeCity.Common.LicenseDialog`1.InitializeComponent">
            <summary>
            Required method for Designer support - do not modify
            the contents of this method with the code editor.
            </summary>
        </member>
        <member name="T:GrapeCity.Common.Resources.LicenseResource">
            <summary>
              Contains the resource for PowerToolsLicenseProvider
            </summary>
        </member>
        <member name="P:GrapeCity.Common.Resources.LicenseResource.ResourceManager">
            <summary>
              Returns the cached ResourceManager instance used by this class.
            </summary>
        </member>
        <member name="P:GrapeCity.Common.Resources.LicenseResource.Culture">
            <summary>
              Overrides the current thread's CurrentUICulture property for all
              resource lookups using this strongly typed resource class.
            </summary>
        </member>
        <member name="P:GrapeCity.Common.Resources.LicenseResource.ErrorIcon">
            <summary>
              Gets the Error icon for license dialog.
            </summary>
        </member>
        <member name="P:GrapeCity.Common.Resources.LicenseResource.InfoIcon">
            <summary>
              Gets the Info icon for license dialog.
            </summary>
        </member>
        <member name="P:GrapeCity.Common.Resources.LicenseResource.WarningIcon">
            <summary>
              Gets the Warning icon for license dialog.
            </summary>
        </member>
        <member name="P:GrapeCity.Common.Resources.LicenseResource.GrapeCityIcon">
            <summary>
              Gets the GrapeCity icon for license dialog.
            </summary>
        </member>
        <member name="M:GrapeCity.Common.Resources.LicenseResource.GetString(System.String)">
            <summary>
              Gets the localized string.
            </summary>
            <param name="name">
              The name of the string. It could be a const value in <see cref="T:GrapeCity.Common.Resources.LicenseResource"/>.
            </param>
            <returns>
              The localized string.
            </returns>
        </member>
        <member name="M:GrapeCity.Common.Resources.LicenseResource.GetString(System.String,System.Object[])">
            <summary>
              Gets the localized string.
            </summary>
            <param name="name">
              The name of the string. It could be a const value in <see cref="T:GrapeCity.Common.Resources.LicenseResource"/>.
            </param>
            <param name="args">
              The data used in the string.
            </param>
            <returns>
              The localized string.
            </returns>
        </member>
        <member name="M:GrapeCity.Common.Resources.LicenseResource.GetAssemblyFileVersion(System.Reflection.Assembly)">
            <summary>
              Get the file version description of the specified assembly.
            </summary>
            <param name="assembly">
              The <see cref="T:System.Reflection.Assembly"/> whose file version description should be get.
            </param>
            <returns>
              A <see cref="T:System.String"/> indicates the file version description of the specified assembly.
            </returns>
        </member>
        <member name="M:GrapeCity.Common.Resources.LicenseResource.GetAssemblyName(System.Reflection.Assembly)">
            <summary>
              Get the name of the specified assembly.
            </summary>
            <param name="assembly">
              The <see cref="T:System.Reflection.Assembly"/> whose name should be get.
            </param>
            <returns>
              A <see cref="T:System.String"/> indicates the name of the specified assembly.
            </returns>
            <remarks>
              Please use this method to get assembly name. It is because that the Assembly.GetName method need FileIO permission.
            </remarks>
        </member>
        <member name="M:GrapeCity.Common.Resources.LicenseResource.FormatSerialKey(System.String)">
            <summary>
              Format the product key as "xxxx-xxxx-xxxx-xxxx-xxxx-xxxx".
            </summary>
            <param name="productKey">
              A <see cref="T:System.String"/> indicates the original product key which is a sequence of 24 digits.
            </param>
            <returns>
              A readable text indicates the product key.
            </returns>
        </member>
        <member name="T:GrapeCity.Common.Resources.LicenseDialogKind">
            <summary>
              Represents the kind of license dialog.
            </summary>
        </member>
        <member name="F:GrapeCity.Common.Resources.LicenseDialogKind.Info">
            <summary>
              Info dialog. It is shown for a trial license.
            </summary>
        </member>
        <member name="F:GrapeCity.Common.Resources.LicenseDialogKind.Warning">
            <summary>
              Warning dialog. It is shown for a trial license which is expired.
            </summary>
        </member>
        <member name="F:GrapeCity.Common.Resources.LicenseDialogKind.Error">
            <summary>
              Error dialog. It is shown for an invalid license or other errors.
            </summary>
        </member>
        <member name="T:GrapeCity.Common.Resources.LicenseDialogWebLinkTarget">
            <summary>
              Represents the target web site for the link in license dialog.
            </summary>
        </member>
        <member name="F:GrapeCity.Common.Resources.LicenseDialogWebLinkTarget.None">
            <summary>
              None target.
            </summary>
        </member>
        <member name="F:GrapeCity.Common.Resources.LicenseDialogWebLinkTarget.GotoWebFAQ">
            <summary>
              Goto web site http://www.grapecity.com/support/portal/.
            </summary>
        </member>
        <member name="F:GrapeCity.Common.Resources.LicenseDialogWebLinkTarget.GotoWebActivation">
            <summary>
              Goto web site http://www.grapecity.com/componentone/.
            </summary>
        </member>
        <member name="F:GrapeCity.Common.Resources.LicenseDialogWebLinkTarget.GotoWebShop">
            <summary>
              Goto web site http://www.grapecity.com/pricing/componentone/.
            </summary>
        </member>
        <member name="F:GrapeCity.Common.Resources.LicenseDialogWebLinkTarget.GotoHowToActivate">
            <summary>
              Goto web site http://www.grapecity.com/componentone/docs/license/online-license/overview.html.
            </summary>
        </member>
        <member name="F:GrapeCity.Common.Resources.LicenseDialogWebLinkTarget.GotoLicenseRenewal">
            <summary>
              Goto web site https://www.grapecity.com/sales/componentone-faq/.
            </summary>
        </member>
        <member name="T:GrapeCity.Common.WinFormLicenseProvider`1">
            <summary>
              Represents a license provider of a Windows Forms PowerTools component.
            </summary>
        </member>
        <member name="T:C1.Util.Licensing.ProviderInfo">
            <summary>
            <para>Provides static <see cref="M:C1.Util.Licensing.ProviderInfo.Validate(System.Type,System.Object)"/> methods that 
            should be called from the constructors of licensed classes.</para>
            <para>Also provides a static <see cref="M:C1.Util.Licensing.ProviderInfo.ShowAboutBox(System.Object)"/> method that can 
            be called to show the about box with product and licensing information.</para>
            </summary>
        </member>
        <member name="M:C1.Util.Licensing.ProviderInfo.Validate(System.Type,System.Object)">
            <summary>
            Perform license validation. Call this method from the licensed object's 
            constructor to save a license key at design time, validate it at runtime, 
            and display a nag dialog if a valid license is not found.
            </summary>
            <param name="type">Type of licensed object (use typeof() and not GetType()).</param>
            <param name="instance">Reference to the licensed object (not currently used).</param>
            <returns>A <see cref="T:C1.Util.Licensing.LicenseInfo"/> object that contains information about the license.</returns>
            <remarks>
            <para>Check the <b>ShouldNag</b> property of the returned <see cref="T:C1.Util.Licensing.LicenseInfo"/> 
            to determine whether the licensed class should nag the user. This value is set
            to true in situations where a valid license was not found but a nag dialog
            could not be displayed. In these cases, the licensed class is supposed to nag
            in some other way (with a watermark for example).</para>
            </remarks>
        </member>
        <member name="M:C1.Util.Licensing.ProviderInfo.Validate(System.Type,System.Object,System.Boolean)">
            <summary>
            Perform license validation. Call this method from the licensed object's 
            constructor to save a license key at design time, validate it at runtime, 
            and display a nag dialog if a valid license is not found.
            </summary>
            <param name="type">Type of licensed object (use typeof() and not GetType()).</param>
            <param name="instance">Reference to the licensed object (not currently used).</param>
            <param name="showNagDialog">Whether the nag dialog should be displayed when a valid license is not found.</param>
            <returns>A <see cref="T:C1.Util.Licensing.LicenseInfo"/> object that contains information about the license.</returns>
            <remarks>
            <para>This overload was created for use in WPF. It should be called in the control's constructor
            in order to support license persistence correctly. But it should not show the nag dialog until the
            control is fully loaded, or the VS designer may remain blank.</para>
            <para>So the solution is this:</para>
            <code>
            LicenseInfo _licInfo;
            public LicensedControl()
            {
              // check license but don't nag yet
              _licInfo = ProviderInfo.Validate(typeof(LicensedControl), this, false);
              
              // perform licensing after control is fully loaded
              Loaded += LicensedControl_Loaded;
            }
            void LicensedControl_Loaded(object sender, RoutedEventArgs e)
            {
              // nag after loading
              if (_licInfo.ShouldNag)
              {
                ProviderInfo.ShowAboutBox(this);
              }
            }
            </code>
            </remarks>
        </member>
        <member name="M:C1.Util.Licensing.ProviderInfo.Validate(System.Type,System.Object,System.Reflection.Assembly,System.String)">
            <summary>
            Version of Validate used by constructors that take runtime keys.
            </summary>
            <param name="type">Type of licensed object (use typeof() and not GetType()).</param>
            <param name="instance">Reference to the licensed object.</param>
            <param name="callingAsm">Assembly that contains the owner licensed control.</param>
            <param name="runtimeKey">Any valid C1 runtime key.</param>
            <returns>A <see cref="T:C1.Util.Licensing.LicenseInfo"/> with information about the runtime key.</returns>
            <remarks>
            <para>This allows a licensed C1 class to create other C1 objects bypassing 
            license verification for the child objects.</para>
            <para>For extra safety, we check that the owner object is defined in an assembly
            the contains a 'C1ProductInfo' attribute.</para>
            </remarks>
        </member>
        <member name="M:C1.Util.Licensing.ProviderInfo.ShowAboutBox(System.Object)">
            <summary>
            Shows the About Box for an instance of a C1 product.
            </summary>
        </member>
        <member name="M:C1.Util.Licensing.ProviderInfo.GetC1Type(System.Object)">
            <summary>
            Get the type whose assembly contains a 'C1ProductInfoAttribute'.
            </summary>
            <param name="instance">Instance of an object whose type is to be checked.</param>
            <returns>The type whose assembly contains a 'C1ProductInfoAttribute'</returns>
        </member>
        <member name="T:C1.Util.Licensing.LicenseInfo">
            <summary>
            Contains information about a license stored in an application.
            </summary>
        </member>
        <member name="T:C1.Util.Licensing.C1AboutNameAttribute">
            <summary>
            Attribute used to specify the product name shown on the About Box.
            </summary>
        </member>
        <member name="T:C1.Util.Licensing.C1AllowedCallerAttribute">
            <summary>
            Attribute used to specify assemblies that can use this product without a license.
            </summary>
        </member>
        <member name="T:C1.Util.Licensing.C1ProductInfoAttribute">
            <summary>
            Attribute used to attach licensing/product information to assemblies.
            </summary>
        </member>
        <member name="F:C1.Util.Licensing.VersionConst.VerString">
            <summary>
            WinForms version string representation (4 dot-delimited numbers).
            </summary>
        </member>
        <member name="F:C1.Util.Licensing.VersionConst.VersionStr">
            <summary>
            Same as <see cref="F:C1.Util.Licensing.VersionConst.VerString"/>.
            </summary>
        </member>
        <member name="F:C1.Util.Licensing.VersionConst.VerAsmName">
            <summary>
            For .NET 4.0 version only, used for designer assembly names.
            </summary>
        </member>
        <member name="T:C1.Util.Licensing.AssemblyNames">
            <summary>
            Specifies assembly name parts, used by AssemblyCommonInfo to generate actual assembly names.
            </summary>
        </member>
        <member name="T:C1.Chart.Finance.FinancialChartType">
            <summary>
            Specifies the type of financial chart.
            </summary>
        </member>
        <member name="F:C1.Chart.Finance.FinancialChartType.Column">
            <summary>
            Shows vertical bars and allows you to compare values of items across categories.
            </summary>
        </member>
        <member name="F:C1.Chart.Finance.FinancialChartType.Scatter">
            <summary>
            Uses X and Y coordinates to show patterns within the data.
            </summary>
        </member>
        <member name="F:C1.Chart.Finance.FinancialChartType.Line">
            <summary>
            Shows trends over a period of time or across categories.
            </summary>
        </member>
        <member name="F:C1.Chart.Finance.FinancialChartType.LineSymbols">
            <summary>
            Shows line chart with a symbol on each data point.
            </summary>
        </member>
        <member name="F:C1.Chart.Finance.FinancialChartType.Area">
            <summary>
            Shows line chart with area below the line filled with color.
            </summary>
        </member>
        <member name="F:C1.Chart.Finance.FinancialChartType.Candlestick">
            <summary>
            Presents items with high, low, open, and close values.
            The size of the wick line is determined by the High and Low values, while
            the size of the bar is determined by the Open and Close values. The bar is
            displayed using different colors, depending on whether the close value is
            higher or lower than the open value. The data for this chart type can be defined using the
            FinancialChart or FinancialSeries binding property as a comma separated value in the
            following format: "highProperty, lowProperty, openProperty, closeProperty".
            </summary>
        </member>
        <member name="F:C1.Chart.Finance.FinancialChartType.HighLowOpenClose">
            <summary>
            Displays the same information as a candlestick chart, except that opening
            values are displayed using lines to the left, while lines to the right
            indicate closing values. The data for this chart type can be defined using the
            FinancialChart or FinancialSeries binding property as a comma separated value in the
            following format: "highProperty, lowProperty, openProperty, closeProperty".
            </summary>
        </member>
        <member name="F:C1.Chart.Finance.FinancialChartType.HeikinAshi">
            <summary>
            Derived from the candlestick chart and uses information from the current and
            prior period in order to filter out the noise. These charts cannot be combined
            with any other series objects. The data for this chart type can be defined using the
            FinancialChart or FinancialSeries binding property as a comma separated value in the
            following format: "highProperty, lowProperty, openProperty, closeProperty".
            </summary>
        </member>
        <member name="F:C1.Chart.Finance.FinancialChartType.LineBreak">
            <summary>
            Filters out noise by focusing exclusively on price changes. These charts cannot
            be combined with any other series objects. The data for this chart type can be defined using the
            FinancialChart or FinancialSeries binding property as a comma separated value in the
            following format: "highProperty, lowProperty, openProperty, closeProperty".
            </summary>
        </member>
        <member name="F:C1.Chart.Finance.FinancialChartType.Renko">
            <summary>
            Ignores time and focuses on price changes that meet a specified amount. These
            charts cannot be combined with any other series objects. The data for this chart type can be defined using the
            FinancialChart or FinancialSeries binding property as a comma separated value in the
            following format: "highProperty, lowProperty, openProperty, closeProperty".
            </summary>
        </member>
        <member name="F:C1.Chart.Finance.FinancialChartType.Kagi">
            <summary>
            Ignores time and focuses on price action. These charts cannot be combined with
            any other series objects. The data for this chart type can be defined using the
            FinancialChart or FinancialSeries binding property as a comma separated value in the
            following format: "highProperty, lowProperty, openProperty, closeProperty".
            </summary>
        </member>
        <member name="F:C1.Chart.Finance.FinancialChartType.ColumnVolume">
            <summary>
            Identical to the standard Column chart, except that the width of each bar is
            determined by the Volume value. The data for this chart type can be defined using the
            FinancialChart or FinancialSeries binding property as a comma separated value in the
            following format: "yProperty, volumeProperty". This chart type can only be used at
            the FinancialChart level, and should not be applied on
            FinancialSeries objects. Only one set of volume data is currently supported
            per FinancialChart.
            </summary>
        </member>
        <member name="F:C1.Chart.Finance.FinancialChartType.EquiVolume">
            <summary>
            Similar to the Candlestick chart, but shows the high and low values only.
            In addition, the width of each bar is determined by Volume value. The data for
            this chart type can be defined using the FinancialChart or FinancialSeries
            binding property as a comma separated value in the following format:
            "highProperty, lowProperty, openProperty, closeProperty, volumeProperty".
            This chart type can only be used at the FinancialChart level, and should not
            be applied on FinancialSeries objects. Only one set of volume data is currently
            supported per FinancialChart.
            </summary>
        </member>
        <member name="F:C1.Chart.Finance.FinancialChartType.CandleVolume">
            <summary>
            Identical to the standard Candlestick chart, except that the width of each
            bar is determined by Volume value. The data for
            this chart type can be defined using the FinancialChart or FinancialSeries
            binding property as a comma separated value in the following format:
            "highProperty, lowProperty, openProperty, closeProperty, volumeProperty".
            This chart type can only be used at the FinancialChart level, and should not
            be applied on FinancialSeries objects. Only one set of volume data is currently
            supported per FinancialChart.
            </summary>
        </member>
        <member name="F:C1.Chart.Finance.FinancialChartType.ArmsCandleVolume">
            <summary>
            Created by Richard Arms, this chart is a combination of EquiVolume and
            CandleVolume chart types. The data for
            this chart type can be defined using the FinancialChart or FinancialSeries
            binding property as a comma separated value in the following format:
            "highProperty, lowProperty, openProperty, closeProperty, volumeProperty".
            This chart type can only be used at the FinancialChart level, and should not
            be applied on FinancialSeries objects. Only one set of volume data is currently
            supported per FinancialChart.
            </summary>
        </member>
        <member name="F:C1.Chart.Finance.FinancialChartType.PointAndFigure">
            <summary>
            Point and figure is a charting technique used in technical analysis.
            Point and figure charting does not plot price against time as time-based charts do.
            Instead it plots price against changes in direction by plotting a column of Xs as the price rises and a column of Os as the price falls.
            Point &amp; figure charts consist of columns of X's and O's that represent filtered price movements.
            X-columns represent rising prices and O-columns represent falling prices.
            Each price box represents a specific value that price must reach to warrant an X or an O.
            Time is not a factor in P&amp;F charting; these charts evolve as prices move.
            No movement in price means no change in the P&amp;F chart.
            </summary>
        </member>
        <member name="T:C1.Chart.Finance.DataFields">
            <summary>
            Specifies which fields are to be used for calculation. Applies to Renko and Kagi chart types.
            </summary>
        </member>
        <member name="F:C1.Chart.Finance.DataFields.Close">
            <summary>
            Close values are used for calculations.
            </summary>
        </member>
        <member name="F:C1.Chart.Finance.DataFields.High">
            <summary>
            High values are used for calculations.
            </summary>
        </member>
        <member name="F:C1.Chart.Finance.DataFields.Low">
            <summary>
            Low values are used for calculations.
            </summary>
        </member>
        <member name="F:C1.Chart.Finance.DataFields.Open">
            <summary>
            Open values are used for calculations.
            </summary>
        </member>
        <member name="F:C1.Chart.Finance.DataFields.HighLow">
            <summary>
            High-Low method is used for calculations. DataFields.HighLow is currently not
            supported with Renko chart types.
            </summary>
        </member>
        <member name="F:C1.Chart.Finance.DataFields.HL2">
            <summary>
            Average of high and low values is used for calculations.
            </summary>
        </member>
        <member name="F:C1.Chart.Finance.DataFields.HLC3">
            <summary>
            Average of high, low, and close values is used for calculations.
            </summary>
        </member>
        <member name="F:C1.Chart.Finance.DataFields.HLOC4">
            <summary>
            Average of high, low, open, and close values is used for calculations.
            </summary>
        </member>
        <member name="T:C1.Chart.Finance.RangeMode">
            <summary>
            Specifies the unit for Kagi and Renko chart types.
            </summary>
        </member>
        <member name="F:C1.Chart.Finance.RangeMode.Fixed">
            <summary>
            Uses a fixed, positive number for the Kagi chart's reversal amount
            or Renko chart's box size.
            </summary>
        </member>
        <member name="F:C1.Chart.Finance.RangeMode.ATR">
            <summary>
            Uses the current Average True Range value for Kagi chart's reversal amount
            or Renko chart's box size. When ATR is used, the reversal amount or box size
            option of these charts must be an integer and will be used as the period for 
            the ATR calculation.
            </summary>
        </member>
        <member name="F:C1.Chart.Finance.RangeMode.Percentage">
            <summary>
            Uses a percentage for the Kagi chart's reversal amount. RangeMode.Percentage
            is currently not supported with Renko chart types.
            </summary>
        </member>
        <member name="T:C1.Chart.Finance.MovingAverageType">
            <summary>
            Represents the moving average type.
            The moving average technical indicator shows the mean instrument price value for a certain period of time.
            When one calculates the moving average, one averages out the instrument price for this time period.
            As the price changes, its moving average either increases, or decreases.
            </summary>
        </member>
        <member name="F:C1.Chart.Finance.MovingAverageType.Simple">
            <summary>
            Simple moving average (SMA).
            </summary>
        </member>
        <member name="F:C1.Chart.Finance.MovingAverageType.Exponential">
            <summary>
            Exponential moving average (EMA).
            </summary>
        </member>
        <member name="T:C1.Chart.Finance.PointAndFigureScaling">
            Specifies the scaling mode for point and figure chart.
        </member>
        <member name="F:C1.Chart.Finance.PointAndFigureScaling.Traditional">
            Traditional scaling. The box size is calculated automatically based on price range.  
        </member>
        <member name="F:C1.Chart.Finance.PointAndFigureScaling.Fixed">
            Fixed scaling. The box size is defined by boxSize property. 
        </member>
        <member name="F:C1.Chart.Finance.PointAndFigureScaling.Dynamic">
            Dynamic(ATR) scaling. The box size is calculated based on ATR. 
        </member>
        <member name="T:C1.Win.Chart.Finance.Design.FinancialChartDesigner">
            <summary>
            Extends the design mode behavior of <see cref="T:C1.Win.Chart.Finance.FinancialChart"/>.
            </summary>
        </member>
        <member name="M:C1.Win.Chart.Finance.Design.FinancialChartDesigner.InitializeNewComponent(System.Collections.IDictionary)">
            <inheritdoc/>
        </member>
        <member name="M:C1.Win.Chart.Finance.Design.FinancialChartDesigner.Initialize(System.ComponentModel.IComponent)">
            <inheritdoc/>
        </member>
        <member name="T:C1.Win.Chart.Finance.Fibonacci">
            <summary>
            Represents a Fibonacci Retracements tool for the FinancialChart.
            This tool enables the calculation and plotting of various alert levels that are
            useful in financial charts.
            </summary>
        </member>
        <member name="P:C1.Win.Chart.Finance.Fibonacci.Low">
            <summary>
            Gets or sets the low value of Fibonacci tool.
            If not specified, the low value is calculated based on
            data values provided by ItemsSource.
            </summary>
        </member>
        <member name="P:C1.Win.Chart.Finance.Fibonacci.High">
            <summary>
            Gets or sets the high value of Fibonacci tool.
            If not specified, the high value is calculated based on
            data values provided by the ItemsSource.
            </summary>
        </member>
        <member name="P:C1.Win.Chart.Finance.Fibonacci.LabelPosition">
            <summary>
            Gets or sets the label position for levels in Fibonacci tool.
            </summary>
        </member>
        <member name="P:C1.Win.Chart.Finance.Fibonacci.Uptrend">
            <summary>
            Gets or sets a value indicating whether to create uptrending Fibonacci tool.
            Default value is true(uptrend). If the value is false, the downtrending levels are plotted.
            </summary>
        </member>
        <member name="P:C1.Win.Chart.Finance.Fibonacci.Levels">
            <summary>
            Gets or sets the array of levels for plotting.
            </summary>
        </member>
        <member name="P:C1.Win.Chart.Finance.Fibonacci.MaxX">
            <summary>
            Gets or sets the x maximum value of the Fibonacci tool.
            If not specified, current maximum of x-axis is used.
            The value can be specified as a number or Date object.
            </summary>
        </member>
        <member name="P:C1.Win.Chart.Finance.Fibonacci.MinX">
            <summary>
            Gets or sets the x minimum value of the Fibonacci tool.
            If not specified, current minimum of x-axis is used.
            The value can be specified as a number or Date object.
            </summary>
        </member>
        <member name="M:C1.Win.Chart.Finance.Fibonacci.GetChartType">
            <inheritdoc/>
        </member>
        <member name="T:C1.Win.Chart.Finance.FibonacciExtension">
            <summary>
            Base class for fibonacci extension
            </summary>
        </member>
        <member name="P:C1.Win.Chart.Finance.FibonacciExtension.StartX">
            <summary>
            Gets or sets the starting x data point for the FibonacciArcs.
            This value can be number or a Date object (for time-based data).
            Unlike some of the other Fibonacci tools, the starting x
            is not calculated automatically if undefined.
            </summary>
        </member>
        <member name="P:C1.Win.Chart.Finance.FibonacciExtension.StartY">
            <summary>
            Gets or sets the ending y data point for the FibonacciArcs.
            Unlike some of the other Fibonacci tools, the ending y
            is not calculated automatically if undefined.
            </summary>
        </member>
        <member name="P:C1.Win.Chart.Finance.FibonacciExtension.EndX">
            <summary>
            Gets or sets the ending x data point for the FibonacciArcs.
            This value can be number or a Date object (for time-based data).
            Unlike some of the other Fibonacci tools, the ending x
            is not calculated automatically if undefined.
            </summary>
        </member>
        <member name="P:C1.Win.Chart.Finance.FibonacciExtension.EndY">
            <summary>
            Gets or sets the ending y data point for the FibonacciArcs.
            Unlike some of the other Fibonacci tools, the ending y
            is not calculated automatically if undefined.
            </summary>
        </member>
        <member name="P:C1.Win.Chart.Finance.FibonacciExtension.Levels">
            <summary>
            Gets or sets the array of levels for plotting.
            </summary>
        </member>
        <member name="P:C1.Win.Chart.Finance.FibonacciExtension.LabelPosition">
            <summary>
            Gets or sets the LabelPosition for levels in FibonacciFans tool.
            </summary>
        </member>
        <member name="M:C1.Win.Chart.Finance.FibonacciExtension.GetChartType">
            <inheritdoc/>
        </member>
        <member name="T:C1.Win.Chart.Finance.FibonacciArcs">
            <summary>
            Represents a Fibonacci Arcs tool for the FinancialChart.
            </summary>
        </member>
        <member name="M:C1.Win.Chart.Finance.FibonacciArcs.#ctor">
            <summary>
            Initializes a new instance of the <see cref="T:C1.Win.Chart.Finance.FibonacciArcs"/> class.
            </summary>
        </member>
        <member name="T:C1.Win.Chart.Finance.FibonacciFans">
            <summary>
            Represents a Fibonacci Fan tool for the FinancialChart.
            </summary>
        </member>
        <member name="M:C1.Win.Chart.Finance.FibonacciFans.#ctor">
            <summary>
            Initializes a new instance of the <see cref="T:C1.Win.Chart.Finance.FibonacciFans"/> class.
            </summary>
        </member>
        <member name="T:C1.Win.Chart.Finance.FibonacciTimeZones">
            <summary>
            Represents a Fibonacci Time Zones tool for the FinancialChart.
            </summary>
        </member>
        <member name="M:C1.Win.Chart.Finance.FibonacciTimeZones.#ctor">
            <summary>
            Initializes a new instance of the <see cref="T:C1.Win.Chart.Finance.FibonacciTimeZones"/> class.
            </summary>
        </member>
        <member name="T:C1.Win.Chart.Finance.FinancialChart">
            <summary>
            Represents a charting control that provides various types of financial charts.
            </summary>
        </member>
        <member name="M:C1.Win.Chart.Finance.FinancialChart.#ctor">
            <summary>
            Creates an instance of FinancialChart class.
            </summary>
        </member>
        <member name="P:C1.Win.Chart.Finance.FinancialChart.ChartType">
            <summary>
            Gets or sets the financial chart type.
            </summary>
        </member>
        <member name="P:C1.Win.Chart.Finance.FinancialChart.Options">
            <summary>
            Gets various chart options.
            </summary>
        </member>
        <member name="P:C1.Win.Chart.Finance.FinancialChart.Stacking">
            <summary>
            Stacking is not supported for FinancialChart.
            </summary>
        </member>
        <member name="M:C1.Win.Chart.Finance.FinancialChart.Series_CollectionChanged(System.Object,System.Collections.Specialized.NotifyCollectionChangedEventArgs)">
            <summary>
            Fires when collection was changed.
            </summary>
            <param name="sender"></param>
            <param name="e"></param>
        </member>
        <member name="F:C1.Win.Chart.Finance.FinancialChart.components">
            <summary>
            Required designer variable.
            </summary>
        </member>
        <member name="M:C1.Win.Chart.Finance.FinancialChart.Dispose(System.Boolean)">
            <summary>
            Clean up any resources being used.
            </summary>
            <param name="disposing">true if managed resources should be disposed; otherwise, false.</param>
        </member>
        <member name="M:C1.Win.Chart.Finance.FinancialChart.InitializeComponent">
            <summary>
            Required method for Designer support - do not modify 
            the contents of this method with the code editor.
            </summary>
        </member>
        <member name="T:C1.Win.Chart.Finance.FinancialChartOptions">
            <summary>
            Represents options for FinancialChart.
            </summary>
        </member>
        <member name="M:C1.Win.Chart.Finance.FinancialChartOptions.#ctor">
            <summary>
            Initializes a new instance of the <see cref="T:C1.Win.Chart.Finance.FinancialChartOptions"/> class.
            </summary>
        </member>
        <member name="P:C1.Win.Chart.Finance.FinancialChartOptions.NewLineBreaks">
            <summary>
            Gets or sets the number of previous
            boxes that must be compared before a new box is drawn in
            Line Break charts. The default value is 3.
            </summary>
            <remarks>
            Only positive value is valid.
            </remarks>
        </member>
        <member name="P:C1.Win.Chart.Finance.FinancialChartOptions.BoxSize">
            <summary>
            Specifies the box size for the Renko chart. The default value is 2.
            </summary>
        </member>
        <member name="P:C1.Win.Chart.Finance.FinancialChartOptions.RangeMode">
            <summary>
            Specifies the <see cref="P:C1.Win.Chart.Finance.FinancialChartOptions.RangeMode"/>RangeMode for the Kagi and Renko charts. The default value is RangeMode.Fixed.
            </summary>
        </member>
        <member name="P:C1.Win.Chart.Finance.FinancialChartOptions.DataFields">
            <summary>
            Specifies the <see cref="P:C1.Win.Chart.Finance.FinancialChartOptions.DataFields"/>DataFields used for the Kagi and Renko charts. The default value is DataFields.Close.
            </summary>
        </member>
        <member name="P:C1.Win.Chart.Finance.FinancialChartOptions.ReversalAmount">
            <summary>
            Specifies the reversal amount for the Kagi chart. The default value is 2.
            </summary>
        </member>
        <member name="T:C1.Win.Chart.Finance.PointAndFigureOptions">
            <summary>
            Specifies options for Point and Figure chart.
            </summary>
        </member>
        <member name="P:C1.Win.Chart.Finance.PointAndFigureOptions.SquareGrid">
            <summary>
            Specifies whether the Point and Figure chart has square grid. The default value is false.
            </summary>
        </member>
        <member name="P:C1.Win.Chart.Finance.PointAndFigureOptions.Scaling">
            <summary>
            Gets or sets the point and figure (P&amp;F) chart scaling.
            </summary>
        </member>
        <member name="P:C1.Win.Chart.Finance.PointAndFigureOptions.Period">
            <summary>
            Specifies the ATR period for Point and Figure chart. The default value is 14.
            </summary>
        </member>
        <member name="T:C1.Win.Chart.Finance.FinancialSeries">
            <summary>
            Represents a series of data points to display in the chart.
            </summary>
            <remarks>
            The FinancialSeries class supports all basic chart types. You may define
            a different chart type on each FinancialSeries object that you add to the
            FinancialChart series collection. This overrides the FinancialChart.ChartType
            property set on the chart that is the default for all FinancialSeries objects
            in its collection.
            </remarks>
        </member>
        <member name="P:C1.Win.Chart.Finance.FinancialSeries.ChartType">
            <summary>
            Gets or sets the chart type for the series.
            </summary>
        </member>
        <member name="T:C1.Win.Chart.Finance.IndicatorBase">
            <summary>
            Represents indicator base class.
            </summary>
        </member>
        <member name="P:C1.Win.Chart.Finance.IndicatorBase.ChartType">
            <summary>
            Gets the series type.
            </summary>
        </member>
        <member name="P:C1.Win.Chart.Finance.IndicatorBase.Period">
            <summary>
            Gets or sets the period.
            </summary>
        </member>
        <member name="M:C1.Win.Chart.Finance.IndicatorBase.OnDataSourceChanged">
            <summary>
            Fires when data source was changes.
            </summary>
        </member>
        <member name="M:C1.Win.Chart.Finance.IndicatorBase.GetValues(System.Int32)">
            <summary>
            Gets the array of data values.
            </summary>
            <param name="dim">Dimension.</param>
            <returns>Array of data values.</returns>
        </member>
        <member name="M:C1.Win.Chart.Finance.IndicatorBase.GetItem(System.Int32)">
            <inheritdoc/>
        </member>
        <member name="M:C1.Win.Chart.Finance.IndicatorBase.GetOriginalItem(System.Int32)">
            <summary>
            Gets the data item.
            </summary>
            <param name="index">Index of data point.</param>
            <returns>The data item of point.</returns>
        </member>
        <member name="T:C1.Win.Chart.Finance.ATR">
            <summary>
            Represents an Average True Range indicator series for the FinancialChart.
            </summary>
            <remarks>
            Average true range is used to measure the volatility of an asset. Average true range
            does not provide any indication of the price's trend, but rather the degree of price
            volatility.
            </remarks>
        </member>
        <member name="M:C1.Win.Chart.Finance.ATR.#ctor">
            <summary>
            Creates an instance of ATR class.
            </summary>
        </member>
        <member name="T:C1.Win.Chart.Finance.RSI">
            <summary>
            Represents a Relative Strength Index indicator series for the FinancialChart.
            </summary>
        </member>
        <member name="M:C1.Win.Chart.Finance.RSI.#ctor">
            <summary>
            Creates an instance of RSI class.
            </summary>
        </member>
        <member name="T:C1.Win.Chart.Finance.CCI">
            <summary>
            Represents a Commodity Channel Index indicator series for the FinancialChart.
            </summary>
            <remarks>
            The commodity channel index is an oscillator that measures an asset's current price
            level relative to an average price level over a specified period of time.
            </remarks>
        </member>
        <member name="M:C1.Win.Chart.Finance.CCI.#ctor">
            <summary>
            Creates an instance of CCI class.
            </summary>
        </member>
        <member name="T:C1.Win.Chart.Finance.WilliamsR">
            <summary>
            Represents a Willaims %R indicator series for the FinancialChart.
            </summary>
            <remarks>
            Williams %R is a momentum indicator that is the inverse of a fast stochastic
            oscillator. The Williams %R indicator is designed to
            tell whether an asset is trading near the high or low of its trading range.
            </remarks>
        </member>
        <member name="M:C1.Win.Chart.Finance.WilliamsR.#ctor">
            <summary>
            Creates an instance of WilliamsR class.
            </summary>
        </member>
        <member name="T:C1.Win.Chart.Finance.MacdBase">
            <summary>
            Base class for Macd and MscdHistogram.
            </summary>
        </member>
        <member name="M:C1.Win.Chart.Finance.MacdBase.#ctor">
            <summary>
            Initializes a new instance of the <see cref="T:C1.Win.Chart.Finance.MacdBase"/> class.
            </summary>
        </member>
        <member name="P:C1.Win.Chart.Finance.MacdBase.FastPeriod">
            <summary>
            Gets or sets the fast exponential moving average period for the MACD line.
            </summary>
        </member>
        <member name="P:C1.Win.Chart.Finance.MacdBase.SlowPeriod">
            <summary>
            Gets or sets the slow exponential moving average period for the MACD line.
            </summary>
        </member>
        <member name="P:C1.Win.Chart.Finance.MacdBase.SmoothingPeriod">
            <summary>
            Gets or sets the exponential moving average period for the signal line.
            </summary>
        </member>
        <member name="T:C1.Win.Chart.Finance.Macd">
            <summary>
            Represents a moving Average Convergence/Divergence (MACD) indicator series.
            The MACD indicator is designed to reveal changes in strength, direction, momentum,
            and duration of an asset's price trend.
            </summary>
        </member>
        <member name="M:C1.Win.Chart.Finance.Macd.#ctor">
            <summary>
            Initializes a new instance of the <see cref="T:C1.Win.Chart.Finance.Macd"/> class.
            </summary>
        </member>
        <member name="P:C1.Win.Chart.Finance.Macd.MacdLineStyle">
            <summary>
            Gets or sets the macd line style.
            </summary>
        </member>
        <member name="P:C1.Win.Chart.Finance.Macd.SignalLineStyle">
            <summary>
            Gets or sets the signal line style.
            </summary>
        </member>
        <member name="P:C1.Win.Chart.Finance.Macd.MacdXVals">
            <summary>
            Gets the array of moving average convergence divergence (MACD) X coordinate values.
            </summary>
        </member>
        <member name="P:C1.Win.Chart.Finance.Macd.MacdVals">
            <summary>
            Gets the array of moving average convergence divergence (MACD) values.
            </summary>
        </member>
        <member name="P:C1.Win.Chart.Finance.Macd.SignalXVals">
            <summary>
            Gets the array of signal X coordinate values.
            </summary>
            <remarks>
            A signal is the metric you want to plot on the chart, to which you might add filters and/or apply analytics.
            </remarks>
        </member>
        <member name="P:C1.Win.Chart.Finance.Macd.SignalVals">
            <summary>
            Gets the array of signal values.
            </summary>
        </member>
        <member name="M:C1.Win.Chart.Finance.Macd.GetStyle(System.String)">
            <inheritdoc/>
        </member>
        <member name="M:C1.Win.Chart.Finance.Macd.SetStyle(C1.Chart._Style,System.String)">
            <inheritdoc/>
        </member>
        <member name="M:C1.Win.Chart.Finance.Macd.GetItem(System.Int32)">
            <inheritdoc/>
        </member>
        <member name="T:C1.Win.Chart.Finance.MacdHistogram">
            <summary>
            Represents a Moving Average Convergence/Divergence (MACD) Histogram indicator series
            for FinancialChart.
            The MACD indicator is designed to reveal changes in strength, direction, momentum,
            and duration of an asset's price trend.
            </summary>
        </member>
        <member name="T:C1.Win.Chart.Finance.Stochastic">
            <summary>
            Represents a Stochastic Oscillator indicator series for FinancialChart.
            Stochastic oscillators are momentum indicators designed to predict price turning
            points by comparing an asset's closing price to its high-low range.
            The Stochastic series can be used for fast (default), slow and full stochastic
            oscillators.To create a slow or full stochastic oscillator, set the SmoothingPeriod
            to an integer value greater than one; slow stochastic oscillators generally use a fixed
            SmoothingPeriod of three.To create or revert to a fast stochastic oscillator, set the
            SmoothingPeriod to an integer value of one.
            </summary>
        </member>
        <member name="M:C1.Win.Chart.Finance.Stochastic.#ctor">
            <summary>
            Initializes a new instance of the <see cref="T:C1.Win.Chart.Finance.Stochastic"/> class.
            </summary>
        </member>
        <member name="P:C1.Win.Chart.Finance.Stochastic.KPeriod">
            <summary>
            Gets or sets the period for the %K calculation.
            </summary>
        </member>
        <member name="P:C1.Win.Chart.Finance.Stochastic.DPeriod">
            <summary>
            Gets or sets the period for the %D simple moving average.
            </summary>
        </member>
        <member name="P:C1.Win.Chart.Finance.Stochastic.SmoothingPeriod">
            <summary>
            Gets or sets the smoothing period for full %K.
            </summary>
        </member>
        <member name="P:C1.Win.Chart.Finance.Stochastic.KLineStyle">
            <summary>
            Gets or sets the style of k line.
            </summary>
        </member>
        <member name="P:C1.Win.Chart.Finance.Stochastic.DLineStyle">
            <summary>
            Gets or sets the style of D line.
            </summary>
        </member>
        <member name="P:C1.Win.Chart.Finance.Stochastic.KValues">
            <summary>
            Gets the stochastic key values.
            </summary>
        </member>
        <member name="P:C1.Win.Chart.Finance.Stochastic.KXValues">
            <summary>
            Gets the stochastic X coordinate key values.
            </summary>
        </member>
        <member name="P:C1.Win.Chart.Finance.Stochastic.DValues">
            <summary>
            Gets the %D values.
            </summary>
        </member>
        <member name="P:C1.Win.Chart.Finance.Stochastic.DXValues">
            <summary>
            Gets the %D x values.
            </summary>
        </member>
        <member name="M:C1.Win.Chart.Finance.Stochastic.GetStyle(System.String)">
            <inheritdoc/>
        </member>
        <member name="M:C1.Win.Chart.Finance.Stochastic.SetStyle(C1.Chart._Style,System.String)">
            <inheritdoc/>
        </member>
        <member name="M:C1.Win.Chart.Finance.Stochastic.GetItem(System.Int32)">
            <inheritdoc/>
        </member>
        <member name="T:C1.Win.Chart.Finance.Localization.C1DescriptionAttribute">
            <summary>
            C1DescriptionAttribute replaces the DescriptionAttribute
            and uses the StringsManager and DesignStrings classes to
            return the localized Attribute string.   
            </summary>
        </member>
        <member name="T:C1.Win.Chart.Finance.Localization.C1CategoryAttribute">
            <summary>
            C1CategoryAttribute replaces the CategoryAttribute
            and uses the StringsManager and DesignStrings classes to
            return the localized Attribute string.
            </summary>
        </member>
        <member name="T:C1.Win.Chart.Finance.Localization.DesignStrings">
            <summary>
            Static class containing UI strings used in design-time.
            </summary>
        </member>
        <member name="T:C1.Win.Chart.Finance.Localization.Strings">
            <summary>
            Static class containing UI strings used in run-time.
            </summary>
        </member>
        <member name="T:C1.Win.Chart.Finance.MovingAverage">
            <summary>
            Represents a moving average trendline for FinancialChart.
            </summary>
            <remarks>
            It is a calculation to analyze data points by creating a series of averages of
            different subsets of the full data set. You may define a different type on each
            MovingAverage object by setting the type property on the MovingAverage itself.
            The MovingAverage class has a period property that allows you to set the number of
            periods for computing the average value.
            </remarks>
        </member>
        <member name="M:C1.Win.Chart.Finance.MovingAverage.#ctor">
            <summary>
            Creates an instance of MovingAverage class.
            </summary>
        </member>
        <member name="P:C1.Win.Chart.Finance.MovingAverage.ChartType">
            <summary>
            Gets the series type.
            </summary>
        </member>
        <member name="P:C1.Win.Chart.Finance.MovingAverage.Type">
            <summary>
            Gets or sets the moving average type.
            </summary>
        </member>
        <member name="P:C1.Win.Chart.Finance.MovingAverage.Period">
            <summary>
            Gets or sets the period of the moving average series.
            It should be set to integer value greater than 1. 
            </summary>
        </member>
        <member name="M:C1.Win.Chart.Finance.MovingAverage.GetValues(System.Int32)">
            <summary>
            Gets the array of data values.
            </summary>
            <param name="dim">Dimension.</param>
            <returns>Array of data values.</returns>
        </member>
        <member name="M:C1.Win.Chart.Finance.MovingAverage.OnDataSourceChanged">
            <summary>
            Fires when data source was changes.
            </summary>
        </member>
        <member name="T:C1.Win.Chart.Finance.BollingerBands">
            <summary>
            The <see cref="T:C1.Win.Chart.Finance.BollingerBands"/> class.
            </summary>
        </member>
        <member name="P:C1.Win.Chart.Finance.BollingerBands.Multiplier">
            <summary>
            Gets or sets the standard deviation multiplier.
            </summary>
        </member>
        <member name="P:C1.Win.Chart.Finance.BollingerBands.LowerYVals">
            <summary>
            Gets the array of lower Y values.
            </summary>
        </member>
        <member name="P:C1.Win.Chart.Finance.BollingerBands.XVals">
            <summary>
            Gets the array of X values.
            </summary>
        </member>
        <member name="P:C1.Win.Chart.Finance.BollingerBands.UpperYVals">
            <summary>
            Gets the array of upper Y values.
            </summary>
        </member>
        <member name="P:C1.Win.Chart.Finance.BollingerBands.MiddleYVals">
            <summary>
            Gets the array of middle Y values.
            </summary>
        </member>
        <member name="M:C1.Win.Chart.Finance.BollingerBands.GetItem(System.Int32)">
            <inheritdoc/>
        </member>
        <member name="T:C1.Win.Chart.Finance.Envelopes">
            <summary>
            Represents a Moving Average Envelopes overlay series for the FinancialChart.
            Moving average envelopes are moving average set above and below a standard moving
            average. The amount above/blow the standard moving average is percentage based and
            dictated by the size property.
            </summary>
        </member>
        <member name="P:C1.Win.Chart.Finance.Envelopes.Type">
            <summary>
            Gets or sets the moving average type for the envelopes.
            </summary>
        </member>
        <member name="P:C1.Win.Chart.Finance.Envelopes.Size">
            <summary>
            Gets or sets the size of the moving average.
            </summary>
        </member>
        <member name="P:C1.Win.Chart.Finance.Envelopes.UpperYVals">
            <summary>
            Gets the array of upper Y values.
            </summary>
        </member>
        <member name="P:C1.Win.Chart.Finance.Envelopes.LowerYVals">
            <summary>
            Gets the array of lower Y values.
            </summary>
        </member>
        <member name="M:C1.Win.Chart.Finance.Envelopes.GetItem(System.Int32)">
            <inheritdoc/>
        </member>
        <member name="T:C1.Win.Chart.Finance.IchimokuCloud">
            <summary>
            The <see cref="T:C1.Win.Chart.Finance.IchimokuCloud"/> class.
            </summary>
        </member>
        <member name="M:C1.Win.Chart.Finance.IchimokuCloud.#ctor">
            <summary>
            Initializes a new instance of the <see cref="T:C1.Win.Chart.Finance.IchimokuCloud"/> class.
            </summary>
        </member>
        <member name="P:C1.Win.Chart.Finance.IchimokuCloud.ConversionPeriod">
            <summary>
            Gets or sets the period of Conversion Period.
            </summary>
        </member>
        <member name="P:C1.Win.Chart.Finance.IchimokuCloud.BasePeriod">
            <summary>
            Gets or sets the period of Base Period.
            </summary>
        </member>
        <member name="P:C1.Win.Chart.Finance.IchimokuCloud.LeadingPeriod">
            <summary>
            Gets or sets the period of Leading Period.
            </summary>
        </member>
        <member name="P:C1.Win.Chart.Finance.IchimokuCloud.LaggingPeriod">
            <summary>
            Gets or sets the period of Lagging Period.
            </summary>
        </member>
        <member name="P:C1.Win.Chart.Finance.IchimokuCloud.ConversionLineStyle">
            <summary>
            Gets or sets the Conversion line style.
            </summary>
        </member>
        <member name="P:C1.Win.Chart.Finance.IchimokuCloud.BaseLineStyle">
            <summary>
            Gets or sets the Base line style.
            </summary>
        </member>
        <member name="P:C1.Win.Chart.Finance.IchimokuCloud.LeadingSpanALineStyle">
            <summary>
            Gets or sets the Leading Span A line style.
            </summary>
        </member>
        <member name="P:C1.Win.Chart.Finance.IchimokuCloud.LeadingSpanBLineStyle">
            <summary>
            Gets or sets the Leading Span A line style.
            </summary>
        </member>
        <member name="P:C1.Win.Chart.Finance.IchimokuCloud.LaggingLineStyle">
            <summary>
            Gets or sets the Lagging line style.
            </summary>
        </member>
        <member name="P:C1.Win.Chart.Finance.IchimokuCloud.BearishCloudColor">
            <summary>
            Gets or sets the Bearish Cloud Color
            </summary>
        </member>
        <member name="P:C1.Win.Chart.Finance.IchimokuCloud.BullishCloudColor">
            <summary>
            Gets or sets the Bullish Cloud Color.
            </summary>
        </member>
        <member name="P:C1.Win.Chart.Finance.IchimokuCloud.BaseLine">
            <summary>
            Gets the array of base lines.
            </summary>
        </member>
        <member name="P:C1.Win.Chart.Finance.IchimokuCloud.ConversionLine">
            <summary>
            Gets the array of conversion lines.
            </summary>
        </member>
        <member name="P:C1.Win.Chart.Finance.IchimokuCloud.LaggingSpan">
            <summary>
            Gets the array of lagging spans.
            </summary>
        </member>
        <member name="P:C1.Win.Chart.Finance.IchimokuCloud.LeadingSpanA">
            <summary>
            Gets the array of leading span A.
            </summary>
        </member>
        <member name="P:C1.Win.Chart.Finance.IchimokuCloud.LeadingSpanB">
            <summary>
            Gets the array of leading span B.
            </summary>
        </member>
        <member name="P:C1.Win.Chart.Finance.IchimokuCloud.XValues">
            <summary>
            Gets the array of X values.
            </summary>
        </member>
        <member name="P:C1.Win.Chart.Finance.IchimokuCloud.OriginalLength">
            <summary>
            Gets the original length.
            </summary>
        </member>
        <member name="M:C1.Win.Chart.Finance.IchimokuCloud.GetItem(System.Int32)">
            <inheritdoc/>
        </member>
        <member name="M:C1.Win.Chart.Finance.IchimokuCloud.GetStyle(System.String)">
            <inheritdoc/>
        </member>
        <member name="M:C1.Win.Chart.Finance.IchimokuCloud.GetLegendItemLength">
            <summary>
            Gets the legend item length.
            </summary>
            <returns>The legend item length.</returns>
        </member>
        <member name="M:C1.Win.Chart.Finance.IchimokuCloud.GetLegendItemName(System.Int32)">
            <summary>
            Gets the legend item name.
            </summary>
            <param name="index">The legend item index.</param>
            <returns>Legend item name.</returns>
        </member>
        <member name="M:C1.Win.Chart.Finance.IchimokuCloud.GetLegendItemStyle(System.Int32)">
            <summary>
            Gets the legend item style.
            </summary>
            <param name="index">The legend item index.</param>
            <returns>The <see cref="T:C1.Chart._Style"/> of legend item.</returns>
        </member>
        <member name="T:C1.Win.Chart.Finance.Alligator">
            <summary>
            The <see cref="T:C1.Win.Chart.Finance.Alligator"/> class.
            </summary>
        </member>
        <member name="M:C1.Win.Chart.Finance.Alligator.#ctor">
            <summary>
            Initializes a new instance of the <see cref="T:C1.Win.Chart.Finance.Alligator"/> class.
            </summary>
        </member>
        <member name="P:C1.Win.Chart.Finance.Alligator.JawPeriod">
            <summary>
            Gets or sets the period of Alligator's jaw. 
            </summary>
        </member>
        <member name="P:C1.Win.Chart.Finance.Alligator.TeethPeriod">
            <summary>
            Gets or sets the period of Alligator's teeth. 
            </summary>
        </member>
        <member name="P:C1.Win.Chart.Finance.Alligator.LipsPeriod">
            <summary>
            Gets or sets the period of Alligator's lips. 
            </summary>
        </member>
        <member name="P:C1.Win.Chart.Finance.Alligator.JawLineStyle">
            <summary>
            Gets or sets the Jaw line style.
            </summary>
        </member>
        <member name="P:C1.Win.Chart.Finance.Alligator.TeethLineStyle">
            <summary>
            Gets or sets the Teeth line style.
            </summary>
        </member>
        <member name="P:C1.Win.Chart.Finance.Alligator.LipsLineStyle">
            <summary>
            Gets or sets the Lips line style.
            </summary>
        </member>
        <member name="P:C1.Win.Chart.Finance.Alligator.AlligatorJaw">
            <summary>
            Gets the <see cref="P:C1.Win.Chart.Finance.Alligator.AlligatorJaw"/>  array.
            </summary>
        </member>
        <member name="P:C1.Win.Chart.Finance.Alligator.AlligatorTeeth">
            <summary>
            Gets the <see cref="P:C1.Win.Chart.Finance.Alligator.AlligatorTeeth"/>  array.
            </summary>
        </member>
        <member name="P:C1.Win.Chart.Finance.Alligator.AlligatorLips">
            <summary>
            Gets the <see cref="P:C1.Win.Chart.Finance.Alligator.AlligatorLips"/> array.
            </summary>
        </member>
        <member name="P:C1.Win.Chart.Finance.Alligator.OriginalLength">
            <summary>
            Gets the original length.
            </summary>
        </member>
        <member name="P:C1.Win.Chart.Finance.Alligator.XValues">
            <summary>
            Gets the array of X values.
            </summary>
        </member>
        <member name="P:C1.Win.Chart.Finance.Alligator.JawShift">
            <summary>
            Gets the <see cref="P:C1.Win.Chart.Finance.Alligator.JawShift"/>.
            </summary>
        </member>
        <member name="P:C1.Win.Chart.Finance.Alligator.TeethShift">
            <summary>
            Gets the <see cref="P:C1.Win.Chart.Finance.Alligator.TeethShift"/>.
            </summary>
        </member>
        <member name="P:C1.Win.Chart.Finance.Alligator.LipsShift">
            <summary>
            Gets the <see cref="P:C1.Win.Chart.Finance.Alligator.LipsShift"/>.
            </summary>
        </member>
        <member name="M:C1.Win.Chart.Finance.Alligator.GetStyle(System.String)">
            <inheritdoc/>
        </member>
        <member name="M:C1.Win.Chart.Finance.Alligator.GetLegendItemLength">
            <summary>
            Gets the legend item length.
            </summary>
            <returns>Legend item length.</returns>
        </member>
        <member name="M:C1.Win.Chart.Finance.Alligator.GetLegendItemName(System.Int32)">
            <summary>
            Gets legend item name.
            </summary>
            <param name="index">The index of legend item.</param>
            <returns>Legend item name.</returns>
        </member>
        <member name="M:C1.Win.Chart.Finance.Alligator.GetLegendItemStyle(System.Int32)">
            <summary>
            Gets the legend item style by index.
            </summary>
            <param name="index">The index of legend item.</param>
            <returns>Legend item <see cref="T:C1.Chart._Style"/>.</returns>
        </member>
        <member name="T:C1.Win.Chart.Finance.ZigZag">
            <summary>
            The <see cref="T:C1.Win.Chart.Finance.ZigZag"/> class.
            </summary>
        </member>
        <member name="P:C1.Win.Chart.Finance.ZigZag.Distance">
            <summary>
            Gets or sets distance between high and low. 
            </summary>
        </member>
        <member name="P:C1.Win.Chart.Finance.ZigZag.XValues">
            <summary>
            Gets the array of X values.
            </summary>
        </member>
    </members>
</doc>
