[
  {
    "Number": 1,
    "Issues": []
  },
  {
    "Number": 2,
    "Issues": []
  },
  {
    "Number": 3,
    "Issues": []
  },
  {
    "Number": 4,
    "Issues": []
  },
  {
    "Number": 5,
    "Issues": []
  },
  {
    "Number": 6,
    "Issues": []
  },
  {
    "Number": 7,
    "Issues": []
  },
  {
    "Number": 8,
    "Issues": []
  },
  {
    "Number": 9,
    "Issues": []
  },
  {
    "Number": 10,
    "Issues": []
  },
  {
    "Number": 11,
    "Issues": []
  },
  {
    "Number": 12,
    "Issues": []
  },
  {
    "Number": 13,
    "Issues": []
  },
  {
    "Number": 14,
    "Issues": []
  },
  {
    "Number": 15,
    "Issues": []
  },
  {
    "Number": 16,
    "Issues": []
  },
  {
    "Number": 17,
    "Issues": [
      {
        "IssueID": 690661,
        "KartNumber": 17,
        "IssueType": 1,
        "Description": "Going Out",
        "DateTime": "2023-04-08T14:58:51.2574479-05:00"
      }
    ]
  },
  {
    "Number": 18,
    "Issues": []
  },
  {
    "Number": 19,
    "Issues": []
  },
  {
    "Number": 20,
    "Issues": []
  },
  {
    "Number": 21,
    "Issues": []
  },
  {
    "Number": 22,
    "Issues": []
  },
  {
    "Number": 23,
    "Issues": []
  },
  {
    "Number": 24,
    "Issues": []
  },
  {
    "Number": 25,
    "Issues": []
  },
  {
    "Number": 26,
    "Issues": []
  },
  {
    "Number": 27,
    "Issues": []
  },
  {
    "Number": 28,
    "Issues": []
  },
  {
    "Number": 29,
    "Issues": []
  },
  {
    "Number": 30,
    "Issues": []
  },
  {
    "Number": 31,
    "Issues": []
  },
  {
    "Number": 32,
    "Issues": []
  },
  {
    "Number": 33,
    "Issues": []
  }
]